<?xml version="1.0" encoding="UTF-8"?>
<project version="4">
  <component name="ProjectLevelVcsManager" settingsEditedManually="false">
    <OptionsSetting value="true" id="Add" />
    <OptionsSetting value="true" id="Remove" />
    <OptionsSetting value="true" id="Checkout" />
    <OptionsSetting value="true" id="Update" />
    <OptionsSetting value="true" id="Status" />
    <OptionsSetting value="true" id="Edit" />
    <ConfirmationsSetting value="0" id="Add" />
    <ConfirmationsSetting value="0" id="Remove" />
  </component>
  <component name="ProjectRootManager" version="2" project-jdk-name="Python 3.5.2 (C:\Users\Jack\Anaconda3\python.exe)" project-jdk-type="Python SDK" />
</project>